Date,SalesQty,OrderQty,WasteQty,EventFlag
2023-01-01,26,81,55,0
2023-01-02,72,83,11,0
2023-01-03,65,90,25,0
2023-01-04,62,80,18,0
2023-01-05,68,74,6,0
2023-01-06,58,84,26,0
2023-01-07,43,92,49,0
2023-01-08,65,107,42,1
2023-01-09,90,126,36,1
2023-01-10,105,107,2,1
2023-01-11,100,119,19,1
2023-01-12,93,113,20,1
2023-01-13,59,73,14,0
2023-01-14,42,81,39,0
2023-01-15,43,78,35,0
2023-01-16,65,73,8,0
2023-01-17,64,73,9,0
2023-01-18,62,81,19,0
2023-01-19,61,74,13,0
2023-01-20,60,76,16,0
2023-01-21,25,82,57,0
2023-01-22,26,80,54,0
2023-01-23,37,65,28,0
2023-01-24,41,78,37,0
2023-01-25,64,64,0,0
2023-01-26,68,80,12,0
2023-01-27,61,71,10,0
2023-01-28,49,87,38,0
2023-01-29,42,70,28,0
2023-01-30,64,88,24,0
2023-01-31,63,80,17,0
2023-02-01,60,83,23,0
2023-02-02,66,71,5,0
2023-02-03,59,85,26,0
2023-02-04,46,85,39,0
2023-02-05,46,81,35,0
2023-02-06,65,79,14,0
2023-02-07,58,84,26,0
2023-02-08,60,66,6,0
2023-02-09,67,78,11,0
2023-02-10,57,68,11,0
2023-02-11,41,74,33,0
2023-02-12,42,78,36,0
2023-02-13,103,119,16,1
2023-02-14,98,108,10,1
2023-02-15,91,116,25,1
2023-02-16,98,98,0,1
2023-02-17,97,115,18,1
2023-02-18,48,71,23,0
2023-02-19,39,80,41,0
2023-02-20,66,87,21,0
2023-02-21,60,82,22,0
2023-02-22,68,77,9,0
2023-02-23,60,70,10,0
2023-02-24,62,78,16,0
2023-02-25,48,86,38,0
2023-02-26,41,87,46,0
2023-02-27,70,74,4,0
2023-02-28,70,84,14,0
2023-03-01,39,74,35,0
2023-03-02,69,71,2,0
2023-03-03,61,71,10,0
2023-03-04,45,71,26,0
2023-03-05,42,88,46,0
2023-03-06,71,78,7,0
2023-03-07,72,83,11,0
2023-03-08,60,86,26,0
2023-03-09,67,79,12,0
2023-03-10,61,78,17,0
2023-03-11,42,86,44,0
2023-03-12,68,101,33,1
2023-03-13,101,118,17,1
2023-03-14,99,105,6,1
2023-03-15,96,96,0,1
2023-03-16,98,109,11,1
2023-03-17,61,87,26,0
2023-03-18,47,78,31,0
2023-03-19,46,69,23,0
2023-03-20,71,82,11,0
2023-03-21,61,77,16,0
2023-03-22,68,89,21,0
2023-03-23,66,76,10,0
2023-03-24,65,89,24,0
2023-03-25,41,78,37,0
2023-03-26,39,80,41,0
2023-03-27,69,83,14,0
2023-03-28,69,72,3,0
2023-03-29,60,77,17,0
2023-03-30,60,77,17,0
2023-03-31,68,89,21,0
2023-04-01,47,83,36,0
2023-04-02,41,81,40,0
2023-04-03,69,88,19,0
2023-04-04,63,72,9,0
2023-04-05,65,73,8,0
2023-04-06,72,85,13,0
2023-04-07,66,77,11,0
2023-04-08,63,122,59,1
2023-04-09,63,107,44,1
2023-04-10,107,111,4,1
2023-04-11,94,121,27,1
2023-04-12,97,109,12,1
2023-04-13,96,116,20,1
2023-04-14,98,125,27,1
2023-04-15,48,77,29,0
2023-04-16,43,92,49,0
2023-04-17,64,88,24,0
2023-04-18,65,84,19,0
2023-04-19,62,66,4,0
2023-04-20,65,75,10,0
2023-04-21,69,79,10,0
2023-04-22,42,78,36,0
2023-04-23,43,83,40,0
2023-04-24,61,88,27,0
2023-04-25,64,83,19,0
2023-04-26,67,73,6,0
2023-04-27,69,73,4,0
2023-04-28,64,77,13,0
2023-04-29,42,85,43,0
2023-04-30,43,76,33,0
2023-05-01,66,85,19,0
2023-05-02,72,84,12,0
2023-05-03,68,85,17,0
2023-05-04,61,93,32,0
2023-05-05,40,75,35,0
2023-05-06,41,93,52,0
2023-05-07,62,128,66,1
2023-05-08,100,123,23,1
2023-05-09,92,122,30,1
2023-05-10,107,120,13,1
2023-05-11,93,123,30,1
2023-05-12,98,113,15,1
2023-05-13,62,103,41,1
2023-05-14,42,82,40,0
2023-05-15,69,80,11,0
2023-05-16,70,90,20,0
2023-05-17,65,74,9,0
2023-05-18,71,79,8,0
2023-05-19,60,88,28,0
2023-05-20,45,76,31,0
2023-05-21,40,78,38,0
2023-05-22,71,73,2,0
2023-05-23,61,76,15,0
2023-05-24,65,78,13,0
2023-05-25,70,79,9,0
2023-05-26,66,91,25,0
2023-05-27,46,81,35,0
2023-05-28,46,77,31,0
2023-05-29,70,82,12,0
2023-05-30,69,87,18,0
2023-05-31,63,80,17,0
2023-06-01,65,84,19,0
2023-06-02,67,89,22,0
2023-06-03,49,81,32,0
2023-06-04,43,72,29,0
2023-06-05,65,88,23,0
2023-06-06,38,78,40,0
2023-06-07,64,85,21,0
2023-06-08,65,84,19,0
2023-06-09,53,82,29,0
2023-06-10,36,66,30,0
2023-06-11,46,66,20,0
2023-06-12,70,77,7,0
2023-06-13,63,80,17,0
2023-06-14,56,75,19,0
2023-06-15,55,83,28,0
2023-06-16,57,73,16,0
2023-06-17,43,82,39,0
2023-06-18,58,109,51,1
2023-06-19,104,104,0,1
2023-06-20,94,117,23,1
2023-06-21,95,116,21,1
2023-06-22,98,98,0,1
2023-06-23,63,83,20,0
2023-06-24,35,78,43,0
2023-06-25,42,78,36,0
2023-06-26,65,72,7,0
2023-06-27,52,75,23,0
2023-06-28,72,80,8,0
2023-06-29,66,90,24,0
2023-06-30,60,92,32,0
2023-07-01,43,82,39,0
2023-07-02,43,79,36,0
2023-07-03,66,79,13,0
2023-07-04,63,78,15,0
2023-07-05,101,127,26,1
2023-07-06,93,101,8,1
2023-07-07,93,109,16,1
2023-07-08,70,106,36,1
2023-07-09,48,102,54,1
2023-07-10,68,74,6,0
2023-07-11,57,75,18,0
2023-07-12,54,77,23,0
2023-07-13,63,73,10,0
2023-07-14,66,87,21,0
2023-07-15,47,72,25,0
2023-07-16,43,84,41,0
2023-07-17,67,88,21,0
2023-07-18,55,73,18,0
2023-07-19,69,70,1,0
2023-07-20,63,89,26,0
2023-07-21,65,85,20,0
2023-07-22,43,79,36,0
2023-07-23,41,89,48,0
2023-07-24,61,70,9,0
2023-07-25,56,81,25,0
2023-07-26,70,89,19,0
2023-07-27,61,75,14,0
2023-07-28,64,83,19,0
2023-07-29,47,78,31,0
2023-07-30,36,79,43,0
2023-07-31,67,71,4,0
2023-08-01,69,83,14,0
2023-08-02,63,72,9,0
2023-08-03,61,77,16,0
2023-08-04,56,79,23,0
2023-08-05,37,87,50,0
2023-08-06,38,74,36,0
2023-08-07,67,86,19,0
2023-08-08,53,71,18,0
2023-08-09,63,70,7,0
2023-08-10,60,83,23,0
2023-08-11,102,106,4,1
2023-08-12,67,104,37,1
2023-08-13,64,108,44,1
2023-08-14,101,121,20,1
2023-08-15,54,102,48,1
2023-08-16,68,86,18,0
2023-08-17,69,85,16,0
2023-08-18,64,85,21,0
2023-08-19,44,75,31,0
2023-08-20,46,78,32,0
2023-08-21,66,77,11,0
2023-08-22,64,71,7,0
2023-08-23,66,83,17,0
2023-08-24,65,85,20,0
2023-08-25,60,68,8,0
2023-08-26,47,83,36,0
2023-08-27,45,75,30,0
2023-08-28,60,76,16,0
2023-08-29,65,67,2,0
2023-08-30,63,69,6,0
2023-08-31,66,66,0,0
2023-09-01,65,82,17,0
2023-09-02,41,74,33,0
2023-09-03,40,83,43,0
2023-09-04,68,69,1,0
2023-09-05,104,104,0,1
2023-09-06,99,110,11,1
2023-09-07,98,101,3,1
2023-09-08,99,101,2,1
2023-09-09,62,119,57,1
2023-09-10,67,104,37,1
2023-09-11,89,118,29,1
2023-09-12,68,87,19,0
2023-09-13,65,78,13,0
2023-09-14,64,87,23,0
2023-09-15,68,88,20,0
2023-09-16,48,76,28,0
2023-09-17,40,78,38,0
2023-09-18,72,84,12,0
2023-09-19,68,75,7,0
2023-09-20,72,79,7,0
2023-09-21,61,90,29,0
2023-09-22,57,75,18,0
2023-09-23,48,93,45,0
2023-09-24,40,85,45,0
2023-09-25,65,74,9,0
2023-09-26,66,93,27,0
2023-09-27,68,91,23,0
2023-09-28,41,73,32,0
2023-09-29,39,74,35,0
2023-09-30,30,84,54,0
2023-10-01,44,70,26,0
2023-10-02,60,75,15,0
2023-10-03,36,75,39,0
2023-10-04,65,82,17,0
2023-10-05,62,68,6,0
2023-10-06,65,75,10,0
2023-10-07,46,70,24,0
2023-10-08,43,83,40,0
2023-10-09,39,71,32,0
2023-10-10,72,84,12,0
2023-10-11,95,130,35,1
2023-10-12,95,131,36,1
2023-10-13,101,104,3,1
2023-10-14,65,122,57,1
2023-10-15,57,126,69,1
2023-10-16,106,124,18,1
2023-10-17,108,128,20,1
2023-10-18,71,89,18,0
2023-10-19,62,89,27,0
2023-10-20,60,88,28,0
2023-10-21,47,87,40,0
2023-10-22,43,73,30,0
2023-10-23,70,73,3,0
2023-10-24,71,79,8,0
2023-10-25,65,75,10,0
2023-10-26,64,82,18,0
2023-10-27,60,75,15,0
2023-10-28,49,77,28,0
2023-10-29,45,88,43,0
2023-10-30,69,76,7,0
2023-10-31,68,85,17,0
2023-11-01,67,71,4,0
2023-11-02,65,74,9,0
2023-11-03,66,74,8,0
2023-11-04,44,82,38,0
2023-11-05,42,82,40,0
2023-11-06,72,76,4,0
2023-11-07,68,82,14,0
2023-11-08,69,86,17,0
2023-11-09,60,94,34,0
2023-11-10,58,77,19,0
2023-11-11,44,93,49,0
2023-11-12,44,84,40,0
2023-11-13,71,86,15,0
2023-11-14,70,84,14,0
2023-11-15,69,76,7,0
2023-11-16,65,76,11,0
2023-11-17,61,90,29,0
2023-11-18,69,101,32,1
2023-11-19,69,124,55,1
2023-11-20,91,106,15,1
2023-11-21,90,108,18,1
2023-11-22,109,119,10,1
2023-11-23,67,86,19,0
2023-11-24,67,78,11,0
2023-11-25,46,79,33,0
2023-11-26,46,95,49,0
2023-11-27,61,92,31,0
2023-11-28,61,81,20,0
2023-11-29,60,79,19,0
2023-11-30,61,75,14,0
2023-12-01,62,74,12,0
2023-12-02,46,70,24,0
2023-12-03,44,79,35,0
2023-12-04,68,68,0,0
2023-12-05,73,85,12,0
2023-12-06,65,75,10,0
2023-12-07,71,80,9,0
2023-12-08,59,76,17,0
2023-12-09,47,81,34,0
2023-12-10,43,79,36,0
2023-12-11,70,76,6,0
2023-12-12,68,92,24,0
2023-12-13,59,90,31,0
2023-12-14,65,89,24,0
2023-12-15,61,77,16,0
2023-12-16,43,90,47,0
2023-12-17,39,72,33,0
2023-12-18,65,86,21,0
2023-12-19,90,123,33,1
2023-12-20,100,109,9,1
2023-12-21,97,106,9,1
2023-12-22,95,95,0,1
2023-12-23,62,108,46,1
2023-12-24,59,107,48,1
2023-12-25,60,97,37,1
2023-12-26,63,72,9,0
2023-12-27,63,79,16,0
2023-12-28,68,76,8,0
2023-12-29,59,69,10,0
2023-12-30,43,84,41,0
2023-12-31,39,71,32,0
2024-01-01,41,69,28,0
2024-01-02,61,79,18,0
2024-01-03,58,77,19,0
2024-01-04,64,87,23,0
2024-01-05,64,81,17,0
2024-01-06,41,66,25,0
2024-01-07,42,72,30,0
2024-01-08,62,74,12,0
2024-01-09,64,66,2,0
2024-01-10,66,70,4,0
2024-01-11,56,85,29,0
2024-01-12,69,81,12,0
2024-01-13,71,105,34,1
2024-01-14,62,100,38,1
2024-01-15,100,103,3,1
2024-01-16,87,108,21,1
2024-01-17,104,109,5,1
2024-01-18,64,78,14,0
2024-01-19,62,82,20,0
2024-01-20,49,73,24,0
2024-01-21,46,79,33,0
2024-01-22,65,71,6,0
2024-01-23,59,77,18,0
2024-01-24,69,74,5,0
2024-01-25,70,71,1,0
2024-01-26,59,86,27,0
2024-01-27,39,90,51,0
2024-01-28,39,75,36,0
2024-01-29,62,73,11,0
2024-01-30,72,83,11,0
2024-01-31,66,84,18,0
2024-02-01,64,86,22,0
2024-02-02,69,79,10,0
2024-02-03,44,82,38,0
2024-02-04,43,89,46,0
2024-02-05,60,82,22,0
2024-02-06,60,80,20,0
2024-02-07,71,71,0,0
2024-02-08,67,79,12,0
2024-02-09,36,72,36,0
2024-02-10,44,116,72,1
2024-02-11,38,128,90,1
2024-02-12,59,124,65,1
2024-02-13,91,119,28,1
2024-02-14,81,121,40,1
2024-02-15,101,104,3,1
2024-02-16,102,105,3,1
2024-02-17,41,81,40,0
2024-02-18,41,75,34,0
2024-02-19,63,85,22,0
2024-02-20,72,80,8,0
2024-02-21,68,92,24,0
2024-02-22,63,86,23,0
2024-02-23,66,74,8,0
2024-02-24,46,86,40,0
2024-02-25,44,92,48,0
2024-02-26,73,92,19,0
2024-02-27,66,73,7,0
2024-02-28,63,94,31,0
2024-02-29,62,95,33,0
2024-03-01,35,79,44,0
2024-03-02,45,89,44,0
2024-03-03,42,87,45,0
2024-03-04,67,76,9,0
2024-03-05,62,81,19,0
2024-03-06,68,68,0,0
2024-03-07,64,83,19,0
2024-03-08,66,84,18,0
2024-03-09,43,73,30,0
2024-03-10,45,72,27,0
2024-03-11,68,80,12,0
2024-03-12,70,78,8,0
2024-03-13,65,73,8,0
2024-03-14,71,71,0,0
2024-03-15,63,79,16,0
2024-03-16,45,74,29,0
2024-03-17,39,74,35,0
2024-03-18,102,102,0,1
2024-03-19,107,124,17,1
2024-03-20,97,111,14,1
2024-03-21,97,111,14,1
2024-03-22,91,102,11,1
2024-03-23,70,109,39,1
2024-03-24,46,81,35,0
2024-03-25,70,87,17,0
2024-03-26,71,71,0,0
2024-03-27,62,74,12,0
2024-03-28,65,88,23,0
2024-03-29,60,74,14,0
2024-03-30,46,72,26,0
2024-03-31,45,82,37,0
2024-04-01,67,86,19,0
2024-04-02,63,71,8,0
2024-04-03,62,80,18,0
2024-04-04,66,74,8,0
2024-04-05,67,77,10,0
2024-04-06,41,85,44,0
2024-04-07,41,82,41,0
2024-04-08,64,68,4,0
2024-04-09,61,79,18,0
2024-04-10,69,70,1,0
2024-04-11,68,86,18,0
2024-04-12,65,89,24,0
2024-04-13,63,117,54,1
2024-04-14,69,98,29,1
2024-04-15,106,106,0,1
2024-04-16,95,111,16,1
2024-04-17,90,119,29,1
2024-04-18,63,89,26,0
2024-04-19,60,88,28,0
2024-04-20,44,80,36,0
2024-04-21,41,75,34,0
2024-04-22,69,79,10,0
2024-04-23,60,78,18,0
2024-04-24,65,90,25,0
2024-04-25,61,76,15,0
2024-04-26,60,78,18,0
2024-04-27,44,78,34,0
2024-04-28,44,88,44,0
2024-04-29,68,85,17,0
2024-04-30,60,82,22,0
2024-05-01,69,71,2,0
2024-05-02,60,87,27,0
2024-05-03,58,74,16,0
2024-05-04,46,76,30,0
2024-05-05,23,78,55,0
2024-05-06,64,78,14,0
2024-05-07,64,76,12,0
2024-05-08,63,89,26,0
2024-05-09,66,82,16,0
2024-05-10,58,81,23,0
2024-05-11,69,112,43,1
2024-05-12,69,98,29,1
2024-05-13,93,112,19,1
2024-05-14,109,115,6,1
2024-05-15,102,124,22,1
2024-05-16,100,111,11,1
2024-05-17,66,88,22,0
2024-05-18,42,81,39,0
2024-05-19,44,78,34,0
2024-05-20,66,81,15,0
2024-05-21,72,76,4,0
2024-05-22,71,73,2,0
2024-05-23,66,81,15,0
2024-05-24,62,84,22,0
2024-05-25,41,82,41,0
2024-05-26,42,75,33,0
2024-05-27,67,89,22,0
2024-05-28,61,83,22,0
2024-05-29,66,77,11,0
2024-05-30,62,86,24,0
2024-05-31,63,73,10,0
2024-06-01,35,71,36,0
2024-06-02,43,79,36,0
2024-06-03,61,80,19,0
2024-06-04,62,78,16,0
2024-06-05,71,73,2,0
2024-06-06,42,73,31,0
2024-06-07,69,87,18,0
2024-06-08,68,118,50,1
2024-06-09,57,126,69,1
2024-06-10,95,107,12,1
2024-06-11,105,112,7,1
2024-06-12,92,112,20,1
2024-06-13,66,77,11,0
2024-06-14,61,91,30,0
2024-06-15,37,78,41,0
2024-06-16,39,75,36,0
2024-06-17,61,79,18,0
2024-06-18,72,88,16,0
2024-06-19,65,93,28,0
2024-06-20,61,88,27,0
2024-06-21,59,75,16,0
2024-06-22,41,83,42,0
2024-06-23,39,80,41,0
2024-06-24,67,73,6,0
2024-06-25,63,85,22,0
2024-06-26,54,67,13,0
2024-06-27,61,70,9,0
2024-06-28,62,68,6,0
2024-06-29,35,78,43,0
2024-06-30,41,76,35,0
2024-07-01,57,84,27,0
2024-07-02,61,65,4,0
2024-07-03,64,80,16,0
2024-07-04,61,76,15,0
2024-07-05,62,65,3,0
2024-07-06,41,74,33,0
2024-07-07,39,81,42,0
2024-07-08,54,72,18,0
2024-07-09,57,80,23,0
2024-07-10,66,73,7,0
2024-07-11,67,75,8,0
2024-07-12,49,75,26,0
2024-07-13,43,85,42,0
2024-07-14,36,72,36,0
2024-07-15,68,87,19,0
2024-07-16,60,78,18,0
2024-07-17,99,116,17,1
2024-07-18,102,102,0,1
2024-07-19,96,115,19,1
2024-07-20,66,107,41,1
2024-07-21,50,110,60,1
2024-07-22,71,83,12,0
2024-07-23,69,82,13,0
2024-07-24,66,79,13,0
2024-07-25,72,81,9,0
2024-07-26,65,91,26,0
2024-07-27,47,89,42,0
2024-07-28,46,78,32,0
2024-07-29,54,92,38,0
2024-07-30,58,87,29,0
2024-07-31,66,82,16,0
2024-08-01,69,78,9,0
2024-08-02,64,80,16,0
2024-08-03,37,85,48,0
2024-08-04,39,70,31,0
2024-08-05,72,83,11,0
2024-08-06,69,77,8,0
2024-08-07,67,78,11,0
2024-08-08,61,88,27,0
2024-08-09,68,77,9,0
2024-08-10,43,74,31,0
2024-08-11,44,75,31,0
2024-08-12,72,93,21,0
2024-08-13,71,82,11,0
2024-08-14,58,88,30,0
2024-08-15,36,89,53,0
2024-08-16,97,108,11,1
2024-08-17,61,129,68,1
2024-08-18,62,126,64,1
2024-08-19,106,125,19,1
2024-08-20,93,122,29,1
2024-08-21,90,108,18,1
2024-08-22,67,91,24,0
2024-08-23,65,82,17,0
2024-08-24,49,74,25,0
2024-08-25,45,78,33,0
2024-08-26,69,85,16,0
2024-08-27,64,75,11,0
2024-08-28,68,73,5,0
2024-08-29,65,78,13,0
2024-08-30,61,77,16,0
2024-08-31,38,88,50,0
2024-09-01,38,77,39,0
2024-09-02,64,81,17,0
2024-09-03,67,73,6,0
2024-09-04,68,77,9,0
2024-09-05,62,82,20,0
2024-09-06,66,82,16,0
2024-09-07,46,87,41,0
2024-09-08,46,78,32,0
2024-09-09,65,88,23,0
2024-09-10,71,83,12,0
2024-09-11,70,89,19,0
2024-09-12,67,88,21,0
2024-09-13,95,115,20,1
2024-09-14,62,124,62,1
2024-09-15,68,105,37,1
2024-09-16,64,113,49,1
2024-09-17,62,121,59,1
2024-09-18,39,71,32,0
2024-09-19,61,75,14,0
2024-09-20,65,69,4,0
2024-09-21,41,70,29,0
2024-09-22,38,73,35,0
2024-09-23,69,76,7,0
2024-09-24,72,79,7,0
2024-09-25,63,76,13,0
2024-09-26,69,93,24,0
2024-09-27,61,91,30,0
2024-09-28,44,74,30,0
2024-09-29,46,91,45,0
2024-09-30,61,93,32,0
2024-10-01,65,75,10,0
2024-10-02,69,89,20,0
2024-10-03,39,84,45,0
2024-10-04,60,79,19,0
2024-10-05,42,73,31,0
2024-10-06,38,83,45,0
2024-10-07,68,88,20,0
2024-10-08,60,81,21,0
2024-10-09,39,83,44,0
2024-10-10,60,77,17,0
2024-10-11,64,83,19,0
2024-10-12,49,73,24,0
2024-10-13,45,80,35,0
2024-10-14,70,73,3,0
2024-10-15,71,91,20,0
2024-10-16,63,83,20,0
2024-10-17,67,87,20,0
2024-10-18,64,72,8,0
2024-10-19,65,119,54,1
2024-10-20,65,112,47,1
2024-10-21,95,105,10,1
2024-10-22,94,125,31,1
2024-10-23,92,107,15,1
2024-10-24,97,109,12,1
2024-10-25,92,98,6,1
2024-10-26,45,72,27,0
2024-10-27,42,81,39,0
2024-10-28,66,66,0,0
2024-10-29,60,82,22,0
2024-10-30,62,70,8,0
2024-10-31,71,72,1,0
2024-11-01,59,87,28,0
2024-11-02,47,87,40,0
2024-11-03,44,79,35,0
2024-11-04,63,78,15,0
2024-11-05,68,78,10,0
2024-11-06,64,90,26,0
2024-11-07,69,87,18,0
2024-11-08,91,102,11,1
2024-11-09,72,118,46,1
2024-11-10,57,113,56,1
2024-11-11,95,102,7,1
2024-11-12,94,113,19,1
2024-11-13,106,106,0,1
2024-11-14,69,81,12,0
2024-11-15,63,87,24,0
2024-11-16,44,74,30,0
2024-11-17,45,92,47,0
2024-11-18,72,82,10,0
2024-11-19,70,73,3,0
2024-11-20,59,75,16,0
2024-11-21,61,77,16,0
2024-11-22,62,73,11,0
2024-11-23,49,86,37,0
2024-11-24,38,83,45,0
2024-11-25,69,84,15,0
2024-11-26,63,81,18,0
2024-11-27,72,73,1,0
2024-11-28,72,83,11,0
2024-11-29,60,80,20,0
2024-11-30,48,74,26,0
2024-12-01,40,87,47,0
2024-12-02,63,90,27,0
2024-12-03,68,73,5,0
2024-12-04,65,80,15,0
2024-12-05,69,74,5,0
2024-12-06,67,82,15,0
2024-12-07,74,123,49,1
2024-12-08,68,103,35,1
2024-12-09,100,104,4,1
2024-12-10,107,116,9,1
2024-12-11,102,105,3,1
2024-12-12,100,100,0,1
2024-12-13,101,124,23,1
2024-12-14,49,77,28,0
2024-12-15,45,85,40,0
2024-12-16,67,79,12,0
2024-12-17,68,73,5,0
2024-12-18,62,75,13,0
2024-12-19,60,80,20,0
2024-12-20,64,80,16,0
2024-12-21,46,84,38,0
2024-12-22,42,73,31,0
2024-12-23,62,80,18,0
2024-12-24,64,84,20,0
2024-12-25,36,69,33,0
2024-12-26,64,79,15,0
2024-12-27,61,66,5,0
2024-12-28,49,73,24,0
2024-12-29,39,72,33,0
2024-12-30,67,74,7,0
2024-12-31,67,79,12,0
2025-01-01,42,84,42,0
2025-01-02,70,82,12,0
2025-01-03,64,91,27,0
2025-01-04,47,74,27,0
2025-01-05,40,76,36,0
2025-01-06,63,76,13,0
2025-01-07,70,78,8,0
2025-01-08,66,83,17,0
2025-01-09,65,73,8,0
2025-01-10,67,78,11,0
2025-01-11,48,79,31,0
2025-01-12,39,82,43,0
2025-01-13,63,83,20,0
2025-01-14,93,110,17,1
2025-01-15,86,114,28,1
2025-01-16,94,103,9,1
2025-01-17,81,116,35,1
2025-01-18,57,115,58,1
2025-01-19,59,109,50,1
2025-01-20,94,94,0,1
2025-01-21,70,79,9,0
2025-01-22,70,84,14,0
2025-01-23,61,76,15,0
2025-01-24,62,78,16,0
2025-01-25,45,83,38,0
2025-01-26,41,88,47,0
2025-01-27,65,71,6,0
2025-01-28,42,82,40,0
2025-01-29,43,72,29,0
2025-01-30,37,77,40,0
2025-01-31,64,78,14,0
2025-02-01,39,81,42,0
2025-02-02,35,67,32,0
2025-02-03,67,78,11,0
2025-02-04,62,75,13,0
2025-02-05,62,70,8,0
2025-02-06,73,77,4,0
